ID,Restaurant,Type,Description,Date,Time,Subtotal,Service,Delivery,Tax,Tip,Restaurant Total,Commission,Delivery Commission,Processing Fee,Withheld Tax,Targeted Promotion
O-931912335975154,Havenly Treats - Amity Rd,Prepaid Order,,7/30/20,5:30 PM,46.48,0,0,0,0,46.48,-9.3,-4.65,-1.6,0,-4
O-641712273415090,Havenly Treats - Amity Rd,Prepaid Order,,7/24/20,7:10 PM,63,0,0,0,0,63,-12.6,-6.3,-2.1,0,-4
O-200812258780900,Havenly Treats - Amity Rd,Prepaid Order,,7/22/20,6:50 PM,18.8,0,0,0,0,18.8,-3.76,-1.88,-0.75,0,-4
O-579212327203236,Havenly Treats - Amity Rd,Prepaid Order,,7/30/20,2:00 PM,13.4,0,0,0,0,13.4,-2.68,-1.34,-0.59,0,-4
O-637012234534110,Havenly Treats - Amity Rd,Prepaid Order,,7/20/20,1:17 PM,33.5,0,0,0,3.35,36.85,-6.7,0,-1.42,0,0
O-256412166163877,Havenly Treats - Amity Rd,Prepaid Order,,7/13/20,6:05 PM,23.75,0,0,0,0,23.75,-4.75,-2.38,-1.02,0,0
O-091012321316714,Havenly Treats - Amity Rd,Prepaid Order,,7/29/20,12:30 PM,37,0,0,0,0,37,-7.4,-3.7,-1.31,0,-4
O-183912402116610,Havenly Treats - Amity Rd,Adjustment of O-183912402116610,RESTAURANT_IS_CLOSED,8/6/20,1:25 PM,-14.25,0,0,0,0,-14.25,2.85,1.43,0.61,0,4
O-183912402116610,Havenly Treats - Amity Rd,Prepaid Order,,8/6/20,1:25 PM,14.25,0,0,0,0,14.25,-2.85,-1.43,-0.61,0,-4
O-715012394015299,Havenly Treats - Amity Rd,Adjustment of O-715012394015299,Restaurant Closed,8/5/20,7:30 PM,-31.73,0,0,0,0,-31.73,6.35,3.17,1.15,0,4
T-AwAAGzmBLfkuANXFEeqravfh7LJbJQ,Havenly Treats - Amity Rd,Account Adjustment,GH Credit for Smart Promotions,8/3/20,4:09 PM,0,0,0,0,0,10,0,0,0,0,0
O-715012394015299,Havenly Treats - Amity Rd,Prepaid Order,,8/5/20,6:50 PM,31.73,0,0,0,0,31.73,-6.35,-3.17,-1.15,0,-4
O-428112957326695,Havenly Treats - Amity Rd,Prepaid Order,,9/30/20,2:42 PM,22.45,0,3.99,0,2,28.44,-5.29,0,-1.05,0,-4
O-605412893296023,Havenly Treats - Amity Rd,Prepaid Order,,9/24/20,7:50 PM,8.75,0.46,3.99,0,0.01,13.21,-2.64,0,-0.7,0,0
O-301312769275098,Havenly Treats - Amity Rd,Prepaid Order,,9/11/20,7:25 PM,25,0,0,0,0,25,-5,-2.5,-0.94,0,-4
O-301312769275098,Havenly Treats - Amity Rd,Adjustment of O-301312769275098,Restaurant closed,9/11/20,7:25 PM,-25,0,0,0,0,-25,5,2.5,0.94,0,4
O-379712965157670,Havenly Treats - Amity Rd,Prepaid Order,,10/1/20,5:46 PM,31.45,0,3.99,0,8.86,44.3,-7.09,0,-1.53,0,-4
O-429712892540734,Havenly Treats - Amity Rd,Adjustment of O-429712892540734,Multiple reasons: Refund due to item removed from order. Refund due to item removed from order,9/24/20,7:27 PM,-11.49,0,0,0,0,-11.49,0,0,0,0,0
O-096112966307802,Havenly Treats - Amity Rd,Prepaid Order,,10/1/20,5:53 PM,14.7,0,3.99,0,4.3,22.99,-3.74,0,-0.88,0,-4
O-045812969840163,Havenly Treats - Amity Rd,Adjustment of O-045812969840163,Item not available - ,10/1/20,4:03 PM,-2.99,0,0,0,0,-2.99,0,0,0,0,0
O-491612827953646,Havenly Treats - Amity Rd,Prepaid Order,,9/17/20,3:10 PM,35,0,0,0,0,35,-7,-3.5,-1.25,0,-4
O-178412761104763,Havenly Treats - Amity Rd,Adjustment of O-178412761104763,Restaurant Closed,9/11/20,3:00 PM,-13.7,0,0,0,0,-13.7,2.74,1.37,0.6,0,4
O-178412761104763,Havenly Treats - Amity Rd,Prepaid Order,,9/11/20,3:00 PM,13.7,0,0,0,0,13.7,-2.74,-1.37,-0.6,0,-4
O-045812969840163,Havenly Treats - Amity Rd,Prepaid Order,,10/1/20,4:03 PM,15.23,0,3.99,0,3.84,23.06,-3.84,0,-0.88,0,-4
O-429712892540734,Havenly Treats - Amity Rd,Prepaid Order,,9/24/20,7:27 PM,21.99,0.94,3.99,0,2.69,29.61,-5.38,0,-1.08,0,-4
O-951512941173403,Havenly Treats - Amity Rd,Prepaid Order,,9/29/20,6:00 PM,32.54,0,3.99,0,5.48,42.01,-7.31,0,-1.46,0,-4
O-491612827953646,Havenly Treats - Amity Rd,Adjustment of O-491612827953646,Restaurant closed,9/17/20,3:10 PM,-35,0,0,0,0,-35,7,3.5,1.25,0,4
O-943513010716162,Havenly Treats - Amity Rd,Prepaid Order,,10/6/20,7:31 PM,48.99,0,3.99,0,10.6,63.58,-10.6,-2.12,0,-4,
O-214413057690532,Havenly Treats - Amity Rd,Adjustment of O-214413057690532,Order Not Received,10/10/20,4:04 PM,-9.09,0,-3.99,0,-1.96,-15.04,2.62,0.76,0,0,
O-670513197336659,Havenly Treats - Amity Rd,Prepaid Order,,10/24/20,8:18 PM,22,0,4.49,1.65,4.22,32.36,-5.3,-1.16,0,-4,
O-379712965157670,Havenly Treats - Amity Rd,Prepaid Order,,10/1/20,5:46 PM,31.45,0,3.99,0,8.86,44.3,-7.09,-1.53,0,-4,
O-106813252514741,Havenly Treats - Amity Rd,Prepaid Order,,10/30/20,1:25 PM,14.2,0,2.99,0.97,1,19.16,-3.44,-0.76,0,-4,
O-180713161281879,Havenly Treats - Amity Rd,Prepaid Order,,10/21/20,6:57 PM,40.99,0,4.49,3.05,7.28,55.81,-9.1,-1.88,0,-4,
O-484613251296759,Havenly Treats - Amity Rd,Prepaid Order,,10/30/20,12:30 PM,24.82,0,7.49,2.08,5.16,39.55,-6.46,-1.38,0,-4,
O-376213243877058,Havenly Treats - Amity Rd,Prepaid Order,,10/29/20,8:07 PM,39.08,0,8.99,3.24,7.7,59.01,-9.61,-1.98,0,-4,
O-106813252576591,Havenly Treats - Amity Rd,Prepaid Order,,10/30/20,6:10 PM,15.84,0,2.99,1.09,4.08,24,-3.77,-0.91,0,-4,
O-670513177351313,Havenly Treats - Amity Rd,Prepaid Order,,10/22/20,3:09 PM,12.08,0,0,0.59,0,12.67,-2.42,-0.56,0,-4,
O-168613153139815,Havenly Treats - Amity Rd,Prepaid Order,,10/20/20,2:18 PM,12.49,0,2.99,1.14,4.16,20.78,-3.1,-0.93,0,0,
O-676513105367212,Havenly Treats - Amity Rd,Prepaid Order,,10/15/20,7:41 PM,15.74,0,2.99,1.08,4.19,24,-3.75,-0.91,0,-4,
O-943513010716162,Havenly Treats - Amity Rd,Adjustment of O-943513010716162,Multiple reasons: Refund due to item removed from order. Refund due to item removed from order,10/6/20,7:31 PM,-11.25,0,0,0,0,-11.25,0,0,0,0,
O-750113034887283,Havenly Treats - Amity Rd,Adjustment of O-750113034887283,Order Not Received,10/8/20,2:01 PM,-14.3,0,-3.99,0,-2.74,-21.03,3.66,0.82,0,4,
O-405613156046507,Havenly Treats - Amity Rd,Prepaid Order,,10/20/20,1:24 PM,24.56,0,4.49,1.84,0,30.89,-5.81,-1.12,0,-4,
O-803813161412037,Havenly Treats - Amity Rd,Prepaid Order,,10/21/20,6:05 PM,15.24,0,2.99,1.05,2.89,22.17,-3.65,-0.85,0,-4,
T-AwAAGzmBr8aWQAT4EeuQXzOnmv-cSQ,Havenly Treats - Amity Rd,Account Adjustment,GH Credit for Smart Promotions,10/2/20,5:46 PM,0,0,0,0,0,6,0,0,0,0,
O-750113034887283,Havenly Treats - Amity Rd,Prepaid Order,,10/8/20,1:35 PM,14.3,0,3.99,0,2.74,21.03,-3.66,-0.82,0,-4,
O-392613173972806,Havenly Treats - Amity Rd,Prepaid Order,,10/22/20,5:55 PM,25,0,2.99,1.76,4.25,34,-5.6,-1.22,0,-4,
O-703113162890189,Havenly Treats - Amity Rd,Prepaid Order,,10/21/20,12:33 PM,13.98,0,7.49,1.28,0,22.75,-4.29,-0.87,0,-4,
O-337913236064433,Havenly Treats - Amity Rd,Prepaid Order,,10/28/20,12:47 PM,32.88,0,2.99,2.64,7.7,46.21,-7.17,-1.71,0,0,
O-911413250829489,Havenly Treats - Amity Rd,Prepaid Order,,10/30/20,7:24 PM,15.48,0,0,0.84,0,16.32,-3.1,-0.68,0,-4,
O-842213166574728,Havenly Treats - Amity Rd,Prepaid Order,,10/21/20,1:07 PM,29.04,0,2.99,2.35,6.88,41.26,-6.41,-1.56,0,0,
O-530913094240800,Havenly Treats - Amity Rd,Prepaid Order,,10/14/20,7:38 PM,15.99,0,2.99,1.1,4.02,24.1,-3.8,-0.91,0,-4,
T-AwAAGzmBVqbJUAs3EeutId9uj9B9Qw,Havenly Treats - Amity Rd,Account Adjustment,21441305-7690532 AC,10/10/20,4:29 PM,0,0,0,0,0,15.04,0,0,0,0,
O-376213243877058,Havenly Treats - Amity Rd,Adjustment of O-376213243877058,Item not available - ,10/29/20,8:07 PM,-0.75,0,0,-0.06,0,-0.81,0,0,0,0,
O-096112966307802,Havenly Treats - Amity Rd,Prepaid Order,,10/1/20,5:53 PM,14.7,0,3.99,0,4.3,22.99,-3.74,-0.88,0,-4,
O-045812969840163,Havenly Treats - Amity Rd,Adjustment of O-045812969840163,Item not available - ,10/1/20,4:03 PM,-2.99,0,0,0,0,-2.99,0,0,0,0,
O-045812969840163,Havenly Treats - Amity Rd,Prepaid Order,,10/1/20,4:03 PM,15.23,0,3.99,0,3.84,23.06,-3.84,-0.88,0,-4,
O-420713041809274,Havenly Treats - Amity Rd,Prepaid Order,,10/9/20,6:12 PM,59.78,0,3.99,0,9.57,73.34,-12.75,-2.41,0,-4,
O-820613101071202,Havenly Treats - Amity Rd,Prepaid Order,,10/15/20,5:42 PM,12.08,0,2.99,0.81,3.97,19.85,-3.01,-0.78,0,-4,
O-676513105367212,Havenly Treats - Amity Rd,Adjustment of O-676513105367212,Item not available - ,10/15/20,7:41 PM,-2.5,0,0,-0.18,0,-2.68,0,0,0,0,
O-934313021531713,Havenly Treats - Amity Rd,Prepaid Order,,10/7/20,6:48 PM,13.8,0,3.99,0,3.56,21.35,-3.56,-0.83,0,-4,
O-842213166574728,Havenly Treats - Amity Rd,Adjustment of O-842213166574728,Restaurant cannot fulfill order,10/21/20,1:21 PM,-29.04,0,-2.99,-2.35,-6.88,-41.26,6.41,1.56,0,0,
O-691713227865037,Havenly Treats - Amity Rd,Prepaid Order,,10/27/20,5:23 PM,30.74,0,4.49,2.59,5.67,43.49,-7.05,-1.63,0,0,
O-764513251270927,Havenly Treats - Amity Rd,Prepaid Order,,10/30/20,5:01 PM,16.5,0,0,0.92,0,17.42,-3.3,-0.71,0,-4,
O-527813026019339,Havenly Treats - Amity Rd,Prepaid Order,,10/7/20,7:21 PM,17.83,0,3.99,0,2,23.82,-4.36,-0.9,0,-4,
O-706213162828705,Havenly Treats - Amity Rd,Prepaid Order,,10/21/20,6:06 PM,41.93,0,2.99,3.01,9.59,57.52,-8.98,-1.93,0,-4,
O-909813191903526,Havenly Treats - Amity Rd,Prepaid Order,,10/24/20,7:42 PM,17.49,0,9.99,1.72,5.84,35.04,-5.5,-1.25,0,-4,
O-214413057690532,Havenly Treats - Amity Rd,Prepaid Order,,10/10/20,2:51 PM,9.09,0,3.99,0,1.96,15.04,-2.62,-0.76,0,0,
O-624813315667028,Havenly Treats - Amity Rd,Prepaid Order,,11/5/20,1:14 PM,27.33,0,7.49,2.26,5.56,42.64,-6.96,-1.48,0,-4,
O-691613445303483,Havenly Treats - Amity Rd,Prepaid Order,,11/18/20,4:46 PM,35.03,0,9.99,3.3,5,53.32,-9,-1.93,0,0,
O-624813315667028,Havenly Treats - Amity Rd,Adjustment of O-624813315667028,Item not available - ,11/5/20,1:14 PM,-5.5,0,0,-0.4,0,-5.9,0,0,0,0,
O-768413546478443,Havenly Treats - Amity Rd,Prepaid Order,,11/28/20,6:10 PM,17.93,0,4.49,1.35,4.75,28.52,-4.48,-1.05,0,-4,
O-826413295465230,Havenly Treats - Amity Rd,Adjustment of O-826413295465230,MISSING_ITEM - Refund requested by diner via help interaction,11/3/20,2:00 PM,-4.5,0,0,-0.33,0,-4.83,0,0,0,0,
O-982813514835291,Havenly Treats - Amity Rd,Prepaid Order,,11/25/20,5:42 PM,65,0,5.99,4.92,11.39,87.3,-14.2,-2.84,0,-4,
O-001613536465870,Havenly Treats - Amity Rd,Adjustment of O-001613536465870,Restaurant Closed,11/27/20,2:05 PM,-12.5,0,0,-0.62,0,-13.12,2.5,0.58,0,4,
O-895713444309204,Havenly Treats - Amity Rd,Prepaid Order,,11/18/20,7:07 PM,8.75,0,2.99,0.86,2.52,15.12,-2.35,-0.76,0,0,
O-085513299112036,Havenly Treats - Amity Rd,Prepaid Order,,11/3/20,5:31 PM,8.75,0,5.99,1.08,0,15.82,-2.95,-0.78,0,0,
O-417713312624994,Havenly Treats - Amity Rd,Prepaid Order,,11/5/20,5:36 PM,17.5,0,4.49,1.32,4.66,27.97,-4.4,-1.03,0,-4,
O-001613536465870,Havenly Treats - Amity Rd,Prepaid Order,,11/27/20,2:03 PM,12.5,0,0,0.62,0,13.12,-2.5,-0.58,0,-4,
O-363613375099150,Havenly Treats - Amity Rd,Prepaid Order,,11/11/20,1:40 PM,18.25,0,4.49,1.67,4.88,29.29,-4.55,-1.19,0,0,
O-774113456378414,Havenly Treats - Amity Rd,Prepaid Order,,11/19/20,12:57 PM,12.5,0,8.99,1.28,0,22.77,-4.3,-0.87,0,-4,
T-AwAAGzmBVIRdoB1CEeu38VnY6rRWBQ,Havenly Treats - Amity Rd,Account Adjustment,GH Credit for Smart Promotions,11/2/20,2:33 PM,0,0,0,0,0,50,0,0,0,0,
O-685013384204912,Havenly Treats - Amity Rd,Prepaid Order,,11/12/20,3:49 PM,37.38,0,2.99,2.97,8.67,52.01,-8.07,-1.89,0,0,
O-848513313163922,Havenly Treats - Amity Rd,Prepaid Order,,11/5/20,3:08 PM,13.04,0,7.49,1.21,0,21.74,-4.11,-0.84,0,-4,
O-520713400775414,Havenly Treats - Amity Rd,Prepaid Order,,11/13/20,7:55 PM,18.53,0,2.99,1.29,3.42,26.23,-4.3,-0.98,0,-4,
O-865313396530430,Havenly Treats - Amity Rd,Prepaid Order,,11/13/20,12:30 PM,13.24,0,4.49,1.01,2.81,21.55,-3.55,-0.84,0,-4,
O-920213324247535,Havenly Treats - Amity Rd,Prepaid Order,,11/6/20,1:28 PM,34.38,0,2.99,2.75,8.02,48.14,-7.47,-1.77,0,0,
O-826413295465230,Havenly Treats - Amity Rd,Prepaid Order,,11/3/20,2:00 PM,14.75,0,2.99,1.01,2.81,21.56,-3.55,-0.84,0,-4,
O-826413325434835,Havenly Treats - Amity Rd,Prepaid Order,,11/6/20,5:39 PM,43.42,0,9.99,3.63,5,62.04,-10.68,-2.07,0,-4,
O-001613506463205,Havenly Treats - Amity Rd,Prepaid Order,,11/24/20,1:08 PM,51.81,0,7.49,4.06,10,73.36,-11.86,-2.42,0,-4,
O-933013299706861,Havenly Treats - Amity Rd,Prepaid Order,,11/3/20,5:44 PM,34.27,0,4.49,2.85,6.24,47.85,-7.75,-1.76,0,0,
O-652713409298362,Havenly Treats - Amity Rd,Prepaid Order,,11/14/20,6:11 PM,15.89,0,7.49,1.42,3.72,28.52,-4.68,-1.05,0,-4,
O-109013360549956,Havenly Treats - Amity Rd,Prepaid Order,,11/10/20,5:08 PM,41.47,0,5.99,3.19,7.6,58.25,-9.49,-1.95,0,-4,
O-417713312624994,Havenly Treats - Amity Rd,Adjustment of O-417713312624994,Refund due to order adjustment: order not received,11/5/20,6:14 PM,-17.5,0,-4.49,-1.32,-4.66,-27.97,0,0,0,4,
O-757713364602377,Havenly Treats - Amity Rd,Prepaid Order,,11/10/20,12:56 PM,17.84,0,8.99,1.68,5.7,34.21,-5.37,-1.22,0,-4,
O-925213395669995,Havenly Treats - Amity Rd,Prepaid Order,,11/13/20,12:30 PM,16.84,0,2.99,1.16,4,24.99,-3.97,-0.94,0,-4,
O-574713300606677,Havenly Treats - Amity Rd,Prepaid Order,,11/4/20,5:25 PM,8.25,0,0,0.61,0,8.86,-1.65,-0.57,0,0,
O-691613435341029,Havenly Treats - Amity Rd,Prepaid Order,,11/17/20,6:46 PM,22.29,0,2.99,1.56,4.03,30.87,-5.06,-1.12,0,-4,
O-062113383563736,Havenly Treats - Amity Rd,Prepaid Order,,11/12/20,5:45 PM,12.24,0,2.99,0.83,2.94,19,-3.05,-0.76,0,-4,
O-660513477504083,Havenly Treats - Amity Rd,Prepaid Order,,11/21/20,7:25 PM,12.24,0,4.49,0.94,2.65,20.32,-3.35,-0.8,0,-4,
O-087413360629739,Havenly Treats - Amity Rd,Prepaid Order,,11/10/20,4:43 PM,18.73,0,2.99,1.6,4.66,27.98,-4.34,-1.15,0,0,
O-166913432758358,Havenly Treats - Amity Rd,Prepaid Order,,11/17/20,12:45 PM,12.75,0,4.49,0.97,2.73,20.94,-3.45,-0.82,0,-4,
O-270513370993830,Havenly Treats - Amity Rd,Prepaid Order,,11/11/20,1:24 PM,17.25,0,0,1.27,0,18.52,-3.45,-0.86,0,0,
O-192613447484558,Havenly Treats - Amity Rd,Prepaid Order,,11/18/20,4:57 PM,13.98,0,4.49,1.06,2.93,22.46,-3.69,-0.86,0,-4,
O-598213399683688,Havenly Treats - Amity Rd,Prepaid Order,,11/13/20,6:06 PM,27.22,0,0,1.71,5.79,34.72,-5.44,-1.24,0,-4,
O-128213370481277,Havenly Treats - Amity Rd,Prepaid Order,,11/11/20,5:30 PM,24.24,0,2.99,1.71,5.79,34.73,-5.45,-1.24,0,-4,
O-440313437424183,Havenly Treats - Amity Rd,Prepaid Order,,11/17/20,5:00 PM,13.74,0,2.99,0.94,2.65,20.32,-3.35,-0.8,0,-4,
O-440313437424183,Havenly Treats - Amity Rd,Adjustment of O-440313437424183,"Refund for missing item(s)
Classic Baklava (mini)
2	
Pita",11/17/20,6:18 PM,-3,0,0,-0.22,0,-3.22,0,0,0,0,
O-299013389935893,Havenly Treats - Amity Rd,Prepaid Order,,11/12/20,4:52 PM,12.74,0,5.99,1.38,0,20.11,-3.75,-0.91,0,0,
O-001613506463205,Havenly Treats - Amity Rd,Adjustment of O-001613506463205,Restaurant Closed,11/24/20,1:26 PM,-51.81,0,-7.49,-4.06,-10,-73.36,11.86,2.42,0,4,
O-849213668833777,Havenly Treats - Amity Rd,Prepaid Order,,12/10/20,1:59 PM,55.97,0,0,3.82,5.98,65.77,-11.19,-2.18,0,-4,
O-652213726756425,Havenly Treats - Amity Rd,Prepaid Order,,12/16/20,12:30 PM,22.05,0,2.99,1.55,3.99,30.58,-5.01,-1.11,0,-4,
O-502313656206764,Havenly Treats - Amity Rd,Prepaid Order,,12/9/20,12:30 PM,16.92,0,5.99,1.39,4.86,29.16,-4.58,-1.07,0,-4,
O-009113748871958,Havenly Treats - Amity Rd,Prepaid Order,,12/18/20,7:00 PM,17.93,0,4.49,1.35,3.57,27.34,-4.48,-1.01,0,-4,
O-966913805399761,Havenly Treats - Amity Rd,Prepaid Order,,12/24/20,12:57 PM,15.18,0,7.49,1.37,4.81,28.85,-4.53,-1.06,0,-4,
O-429113600777693,Havenly Treats - Amity Rd,Prepaid Order,,12/4/20,4:46 PM,68.91,0,0,4.77,0,73.68,-13.78,-2.43,0,-4,
O-193013615970304,Havenly Treats - Amity Rd,Prepaid Order,,12/5/20,4:40 PM,48.12,0,5.99,3.68,11.56,69.35,-10.82,-2.29,0,-4,
O-778713655379960,Havenly Treats - Amity Rd,Prepaid Order,,12/9/20,5:49 PM,26.05,0,5.99,2.06,6.82,40.92,-6.41,-1.43,0,-4,
T-AwAAGzmB3TkWQDTQEeuwYgfu0MTRsg,Havenly Treats - Amity Rd,Account Adjustment,GH Credit for Smart Promotions,12/2/20,2:02 PM,0,0,0,0,0,42,0,0,0,0,
O-925713665160948,Havenly Treats - Amity Rd,Prepaid Order,,12/10/20,7:26 PM,21.89,0,2.99,1.53,5.28,31.69,-4.98,-1.14,0,-4,
O-572013750997569,Havenly Treats - Amity Rd,Adjustment of O-572013750997569,Item not available - ,12/19/20,1:45 PM,-5.5,0,0,-0.41,0,-5.91,0,0,0,0,
O-470213595064515,Havenly Treats - Amity Rd,Prepaid Order,,12/3/20,12:30 PM,39.92,0,5.99,3.08,9.8,58.79,-9.18,-1.97,0,-4,
O-149913663090729,Havenly Treats - Amity Rd,Prepaid Order,,12/10/20,1:43 PM,20.53,0,0,1.21,2.26,24,-4.11,-0.91,0,-4,
O-679313584752446,Havenly Treats - Amity Rd,Prepaid Order,,12/2/20,4:53 PM,13.4,0,4.49,1.02,2.84,21.75,-3.58,-0.84,0,-4,
O-933713720617525,Havenly Treats - Amity Rd,Prepaid Order,,12/16/20,2:03 PM,19.09,0,4.49,1.44,5,30.02,-4.72,-1.09,0,-4,
O-572013750997569,Havenly Treats - Amity Rd,Prepaid Order,,12/19/20,1:45 PM,17.08,0,2.99,1.48,5.39,26.94,-4.01,-1.12,0,0,
O-062613650198261,Havenly Treats - Amity Rd,Prepaid Order,,12/9/20,5:55 PM,13.23,0,0,0.68,0,13.91,-2.65,-0.6,0,-4,
O-607513646950485,Havenly Treats - Amity Rd,Prepaid Order,,12/8/20,4:50 PM,44.48,0,4.49,3.31,10.46,62.74,-9.79,-2.09,0,-4,
O-964513795171821,Havenly Treats - Amity Rd,Prepaid Order,,12/23/20,5:14 PM,55.54,0,5.99,4.52,13.21,79.26,-12.31,-2.72,0,0,
O-815713713797930,Havenly Treats - Amity Rd,Prepaid Order,,12/15/20,6:15 PM,49.53,0,4.49,3.68,5.77,63.47,-10.8,-2.11,0,-4,
O-009113748871958,Havenly Treats - Amity Rd,Adjustment of O-009113748871958,MISSING_ITEM - Refund requested by diner via help interaction,12/18/20,7:19 PM,-7.59,0,0,-0.55,0,-8.14,0,0,0,0,
O-543313742932774,Havenly Treats - Amity Rd,Prepaid Order,,12/18/20,1:17 PM,17.79,0,2.99,1.23,5.5,27.51,-4.16,-1.02,0,-4,
O-703614135311108,Havenly Treats - Amity Rd,Prepaid Order,,1/26/21,6:46 PM,8.58,0,5.99,1.07,3.91,19.55,-2.91,-0.9,0,0,
O-240614134603177,Havenly Treats - Amity Rd,Prepaid Order,,1/26/21,6:27 PM,11.99,0,2.99,1.1,4.02,20.1,-3,-0.91,0,0,
O-030214189641529,Havenly Treats - Amity Rd,Prepaid Order,,1/30/21,7:43 PM,33.79,0,0,2.19,0,35.98,-6.76,-1.28,0,-4,
O-562413929375052,Havenly Treats - Amity Rd,Prepaid Order,,1/5/21,1:25 PM,31.89,0,8.99,3,4.39,48.27,-8.18,-1.77,0,0,
O-316813962533164,Havenly Treats - Amity Rd,Prepaid Order,,1/9/21,6:04 PM,16,0,0,0.88,1.69,18.57,-3.2,-0.74,0,-4,
O-037113947583001,Havenly Treats - Amity Rd,Prepaid Order,,1/7/21,5:45 PM,12.25,0,0,0.61,0,12.86,-2.45,-0.57,0,-4,
O-809614018473957,Havenly Treats - Amity Rd,Prepaid Order,,1/14/21,5:45 PM,36.08,0,0,2.36,5.77,44.21,-7.22,-1.53,0,-4,
O-809614018428456,Havenly Treats - Amity Rd,Prepaid Order,,1/16/21,12:30 PM,25,0,0,1.54,1.33,27.87,-5,-1.03,0,-4,
O-075513936848421,Havenly Treats - Amity Rd,Prepaid Order,,1/6/21,2:06 PM,16.24,0,8.99,1.56,4.02,30.81,-5.05,-1.12,0,-4,
O-585614155319025,Havenly Treats - Amity Rd,Prepaid Order,,1/28/21,1:49 PM,7.59,0,2.99,0.78,2.27,13.63,-2.12,-0.72,0,0,
O-312213959213359,Havenly Treats - Amity Rd,Prepaid Order,,1/8/21,4:51 PM,30.47,0,4.49,2.28,3.72,40.96,-6.99,-1.43,0,-4,
O-809614018473957,Havenly Treats - Amity Rd,Adjustment of O-809614018473957,Restaurant closed,1/14/21,5:45 PM,-36.08,0,0,-2.36,-5.77,-44.21,7.22,1.53,0,4,
O-762214029594449,Havenly Treats - Amity Rd,Prepaid Order,,1/15/21,3:10 PM,13.09,0,4.49,1,1.42,20,-3.52,-0.79,0,-4,
O-823814153899169,Havenly Treats - Amity Rd,Adjustment of O-823814153899169,Refund due to item removed from order,1/28/21,6:06 PM,-11.97,0,0,-0.88,0,-12.85,0,0,0,0,
O-834613956839364,Havenly Treats - Amity Rd,Prepaid Order,,1/7/21,7:31 PM,28.29,0,8.99,2.45,5.96,45.69,-7.46,-1.57,0,-4,
O-781114163225420,Havenly Treats - Amity Rd,Prepaid Order,,1/29/21,6:51 PM,25.58,0,7.49,2.43,5.28,40.78,-6.61,-1.54,0,0,
O-823814163892462,Havenly Treats - Amity Rd,Prepaid Order,,1/29/21,2:35 PM,17.59,0,7.49,1.55,5.33,31.96,-5.02,-1.15,0,-4,
O-210513929236128,Havenly Treats - Amity Rd,Prepaid Order,,1/5/21,1:15 PM,35.17,0,2.99,2.51,8.13,48.8,-7.63,-1.67,0,-4,
O-620814098225111,Havenly Treats - Amity Rd,Prepaid Order,,1/22/21,6:09 PM,29.24,0,8.99,2.52,4.9,45.65,-7.65,-1.57,0,-4,
T-AwAAGzmBbeGvMFBDEeu_0-POd8F9bA,Havenly Treats - Amity Rd,Account Adjustment,GH Credit for Smart Promotions,1/6/21,12:20 PM,0,0,0,0,0,34,0,0,0,0,
O-823814153899169,Havenly Treats - Amity Rd,Prepaid Order,,1/28/21,6:06 PM,55.95,0,4.49,4.44,9.73,74.61,-12.09,-2.58,0,0,
O-240614134603177,Havenly Treats - Amity Rd,Adjustment of O-240614134603177,Item not available - ,1/26/21,6:27 PM,-2.9,0,0,-0.21,0,-3.11,0,0,0,0,
O-499914149642314,Havenly Treats - Amity Rd,Prepaid Order,,1/26/21,7:29 PM,23,0,0,1.4,0,24.4,-4.6,-0.92,0,-4,
O-583914038473578,Havenly Treats - Amity Rd,Prepaid Order,,1/16/21,5:16 PM,30.84,0,5.99,2.41,7.85,47.09,-7.37,-1.61,0,-4,
O-312213959213359,Havenly Treats - Amity Rd,Adjustment of O-312213959213359,Item not available - ,1/8/21,4:51 PM,-7.98,0,0,-0.59,0,-8.57,0,0,0,0,
O-842114165784091,Havenly Treats - Amity Rd,Prepaid Order,,1/29/21,3:30 PM,25.89,0,4.49,1.94,4.85,37.17,-6.08,-1.31,0,-4,
O-528314378717368,Havenly Treats - Amity Rd,Prepaid Order,,2/19/21,6:15 PM,24.25,0,0,1.41,0,25.66,-4.85,-0.93,0,-5,
O-153014288127608,Havenly Treats - Amity Rd,Prepaid Order,,2/10/21,2:24 PM,12.24,0,0,0.61,2.57,15.42,-2.45,-0.65,0,-4,
O-309414270951423,Havenly Treats - Amity Rd,Adjustment of O-309414270951423,No Driver,2/9/21,7:59 PM,-17.75,0,-2.99,-1.23,-4.39,-26.36,4.15,0.98,0,4,
O-342814471923002,Havenly Treats - Amity Rd,Prepaid Order,,3/1/21,4:06 PM,13.75,0,2.99,1.23,2,19.97,-3.35,-0.91,0,0,
O-473214239780348,Havenly Treats - Amity Rd,Prepaid Order,,2/4/21,7:36 PM,14.75,0,2.99,1.01,2.81,21.56,-3.55,-0.84,0,-4,
O-226314312842986,Havenly Treats - Amity Rd,Prepaid Order,,2/13/21,5:48 PM,37.75,0,2.99,2.99,6.56,50.29,-8.15,-1.83,0,0,
O-579614236979552,Havenly Treats - Amity Rd,Prepaid Order,,2/5/21,12:30 PM,20.7,0,2.99,1.45,3.77,28.91,-4.74,-1.06,0,-4,
O-420714476462923,Havenly Treats - Amity Rd,Prepaid Order,,3/1/21,3:01 PM,16.5,0,0,1.21,3.54,21.25,-3.3,-0.95,0,0,
O-819614304799558,Havenly Treats - Amity Rd,Prepaid Order,,2/12/21,7:09 PM,14.25,0,0,0.75,1.5,16.5,-2.85,-0.68,0,-4,
O-002714362460888,Havenly Treats - Amity Rd,Prepaid Order,,2/18/21,7:03 PM,13.25,0,0,0.97,2.84,17.06,-2.65,-0.82,0,0,
O-745714319078175,Havenly Treats - Amity Rd,Prepaid Order,,2/13/21,7:15 PM,18.39,0,0,1.35,3.95,23.69,-3.68,-1.02,0,0,
O-731014280106133,Havenly Treats - Amity Rd,Prepaid Order,,2/10/21,5:15 PM,6.75,0,0,0.5,1.09,8.34,-1.35,-0.55,0,0,
O-230314474929883,Havenly Treats - Amity Rd,Prepaid Order,,3/1/21,1:37 PM,12.49,0,0,0.92,2.68,16.09,-2.5,-0.79,0,0,
O-263414386505167,Havenly Treats - Amity Rd,Prepaid Order,,2/20/21,3:37 PM,32.99,0,2.99,2.64,3,41.62,-7.2,-1.57,0,0,
O-128614383600455,Havenly Treats - Amity Rd,Prepaid Order,,2/20/21,1:30 PM,5.95,0,0,0.44,0.64,7.03,-1.19,-0.51,0,0,
O-128614363627656,Havenly Treats - Amity Rd,Prepaid Order,,2/18/21,5:29 PM,39.08,0,2.99,3.09,4.52,49.68,-8.41,-1.82,0,0,
O-618314337731238,Havenly Treats - Amity Rd,Prepaid Order,,2/15/21,7:07 PM,41.98,0,0,3.09,9.01,54.08,-8.4,-1.95,0,0,
O-544914367461621,Havenly Treats - Amity Rd,Prepaid Order,,2/17/21,7:47 PM,23.32,0,0,1.71,4.5,29.53,-4.66,-1.2,0,0,
O-144614314503970,Havenly Treats - Amity Rd,Prepaid Order,,2/13/21,3:30 PM,12.59,0,0,0.93,0.68,14.2,-2.52,-0.73,0,0,
O-204614299299222,Havenly Treats - Amity Rd,Prepaid Order,,2/11/21,7:31 PM,13.54,0,0,0.7,0,14.24,-2.71,-0.61,0,-4,
O-603014419495377,Havenly Treats - Amity Rd,Prepaid Order,,2/23/21,3:30 PM,20.25,0,0,1.49,0,21.74,-4.05,-0.96,0,0,
O-536714365131887,Havenly Treats - Amity Rd,Adjustment of O-536714365131887,Refund due to order adjustment. Quality issue of Hummus.,2/18/21,7:41 PM,-5.25,0,0,-0.39,0,-5.64,0,0,0,0,
T-AwAAGzmBbTrFQGWWEeuyk1EWJEwRZA,Havenly Treats - Amity Rd,Account Adjustment,GH Credit for Smart Promotions,2/2/21,3:37 PM,0,0,0,0,0,28,0,0,0,0,
O-603014419495377,Havenly Treats - Amity Rd,Adjustment of O-603014419495377,Refund due to item removed from order,2/23/21,3:30 PM,-20.25,0,0,-1.49,0,-21.74,0,0,0,0,
O-010814303379718,Havenly Treats - Amity Rd,Prepaid Order,,2/12/21,5:10 PM,16.34,0,2.99,1.42,3.11,23.86,-3.87,-1.03,0,0,
O-556114423339310,Havenly Treats - Amity Rd,Adjustment of O-556114423339310,Order Not Received,2/25/21,12:37 PM,-10.5,0,-2.99,-0.99,-2.9,-17.38,2.7,0.83,0,0,
O-160614319085633,Havenly Treats - Amity Rd,Prepaid Order,,2/13/21,6:11 PM,30,0,0,2.21,6,38.21,-6,-1.47,0,0,
O-010814303376684,Havenly Treats - Amity Rd,Prepaid Order,,2/12/21,4:03 PM,9.45,0,0,0.69,2.03,12.17,-1.89,-0.67,0,0,
O-062414340388919,Havenly Treats - Amity Rd,Prepaid Order,,2/16/21,6:06 PM,17.3,0,0,1.27,2.79,21.36,-3.46,-0.95,0,0,
O-623314384249039,Havenly Treats - Amity Rd,Prepaid Order,,2/20/21,3:44 PM,32.99,0,2.99,2.64,3,41.62,-7.2,-1.57,0,0,
O-309414270951423,Havenly Treats - Amity Rd,Prepaid Order,,2/9/21,7:29 PM,17.75,0,2.99,1.23,4.39,26.36,-4.15,-0.98,0,-4,
O-244214295785253,Havenly Treats - Amity Rd,Prepaid Order,,2/11/21,5:12 PM,41.62,0,9.99,3.5,8.27,63.38,-10.32,-2.11,0,-4,
O-813714384713124,Havenly Treats - Amity Rd,Prepaid Order,,2/20/21,6:28 PM,17.1,0,0,1.26,3.67,22.03,-3.42,-0.97,0,0,
O-010814323330646,Havenly Treats - Amity Rd,Adjustment of O-010814323330646,Restaurant Closed,2/14/21,6:14 PM,-29.48,0,-2.99,-2.39,-6.97,-41.83,6.49,1.58,0,0,
O-620114288957930,Havenly Treats - Amity Rd,Prepaid Order,,2/10/21,6:37 PM,26.08,0,0,1.62,5.54,33.24,-5.22,-1.19,0,-4,
O-556114423339310,Havenly Treats - Amity Rd,Prepaid Order,,2/24/21,1:27 PM,10.5,0,2.99,0.99,2.9,17.38,-2.7,-0.83,0,0,
O-226314302843105,Havenly Treats - Amity Rd,Prepaid Order,,2/12/21,7:12 PM,23.49,0,0,1.43,3,27.92,-4.7,-1.03,0,-4,
O-968314377210727,Havenly Treats - Amity Rd,Adjustment of O-968314377210727,MISSING_ITEM - Refund requested by diner via help interaction,2/19/21,8:06 PM,-5.5,0,0,-0.41,0,-5.91,0,0,0,0,
O-813714344756129,Havenly Treats - Amity Rd,Prepaid Order,,2/16/21,6:30 PM,5.25,0,0,0.39,0,5.64,-1.05,-0.47,0,0,
O-536714365131887,Havenly Treats - Amity Rd,Prepaid Order,,2/18/21,6:38 PM,13.59,0,0,1,0,14.59,-2.72,-0.74,0,0,
O-010814323330646,Havenly Treats - Amity Rd,Prepaid Order,,2/14/21,5:46 PM,29.48,0,2.99,2.39,6.97,41.83,-6.49,-1.58,0,0,
O-243414306327120,Havenly Treats - Amity Rd,Prepaid Order,,2/12/21,1:02 PM,12.84,0,0,0.65,0.5,13.99,-2.57,-0.6,0,-4,
O-731014310175241,Havenly Treats - Amity Rd,Prepaid Order,,2/13/21,6:29 PM,8.75,0,0,0.64,0,9.39,-1.75,-0.59,0,0,
O-968314377210727,Havenly Treats - Amity Rd,Prepaid Order,,2/19/21,7:29 PM,23.75,0,0,1.75,5.1,30.6,-4.75,-1.23,0,0,
O-902714245522601,Havenly Treats - Amity Rd,Prepaid Order,,2/6/21,6:11 PM,19.59,0,2.99,1.37,0.05,24,-4.52,-0.91,0,-4,
O-269514347317399,Havenly Treats - Amity Rd,Prepaid Order,,2/16/21,3:37 PM,11.5,0,0,0.85,1.5,13.85,-2.3,-0.72,0,0,
O-548414314056284,Havenly Treats - Amity Rd,Prepaid Order,,2/13/21,3:30 PM,8,0,0,0.59,0.86,9.45,-1.6,-0.59,0,0,
O-263414386505167,Havenly Treats - Amity Rd,Adjustment of O-263414386505167,Order / Menu Issue,2/20/21,3:37 PM,-32.99,0,-2.99,-2.64,-3,-41.62,7.2,1.57,0,0,
O-802314346292697,Havenly Treats - Amity Rd,Prepaid Order,,2/16/21,7:20 PM,14.65,0,2.99,1.3,1.06,20,-3.53,-0.91,0,0,
O-263414346565874,Havenly Treats - Amity Rd,Prepaid Order,,2/16/21,6:15 PM,17.3,0,0,1.27,2.79,21.36,-3.46,-0.95,0,0,
O-541514232689255,Havenly Treats - Amity Rd,Prepaid Order,,2/5/21,1:58 PM,24.75,0,7.49,2.08,5.15,39.47,-6.45,-1.38,0,-4,
O-232614336413254,Havenly Treats - Amity Rd,Prepaid Order,,2/15/21,5:45 PM,5.95,0,2.99,0.66,5.4,15,-1.79,-0.76,0,0,
O-324014346164191,Havenly Treats - Amity Rd,Prepaid Order,,2/16/21,6:30 PM,43.34,0,0,3.19,0,46.53,-8.67,-1.72,0,0,
O-541514232682416,Havenly Treats - Amity Rd,Prepaid Order,,2/5/21,5:30 PM,63.42,0,2.99,4.59,10.65,81.65,-13.28,-2.67,0,-4,
O-366614755085204,Havenly Treats - Amity Rd,Prepaid Order,,3/29/21,6:31 PM,19.25,0,0,1.41,0,20.66,-3.85,-0.93,0,0,
O-125814776659541,Havenly Treats - Amity Rd,Prepaid Order,,3/31/21,1:28 PM,16.5,0,0,1.21,2.66,20.37,-3.3,-0.92,0,0,
O-342814471923002,Havenly Treats - Amity Rd,Prepaid Order,,3/1/21,4:06 PM,13.75,0,2.99,1.23,2,19.97,-3.35,-0.91,0,0,
O-207614490782847,Havenly Treats - Amity Rd,Prepaid Order,,3/3/21,5:39 PM,22,0,0,1.25,3.49,26.74,-4.4,-0.96,0,-5,
O-420714666481172,Havenly Treats - Amity Rd,Prepaid Order,,3/20/21,12:45 PM,15.99,0,2.99,1.4,3.43,23.81,-3.8,-1.03,0,0,
O-108414648417415,Havenly Treats - Amity Rd,Prepaid Order,,3/18/21,4:33 PM,41.25,0,2.99,3.25,5.72,53.21,-8.85,-1.92,0,0,
O-263814538287229,Havenly Treats - Amity Rd,Adjustment of O-263814538287229,Restaurant Closed,3/6/21,9:41 PM,-43.97,0,0,-3.23,-9.44,-56.64,8.79,2.03,0,0,
O-978614632855440,Havenly Treats - Amity Rd,Prepaid Order,,3/17/21,7:42 PM,20.75,0,2.99,1.75,5.1,30.59,-4.75,-1.23,0,0,
O-248214782132929,Havenly Treats - Amity Rd,Adjustment of O-248214782132929,MISSING_ITEM - Refund requested by diner via help interaction,4/1/21,1:56 PM,-4,0,0,-0.3,0,-4.3,0,0,0,0,
O-420714476462923,Havenly Treats - Amity Rd,Prepaid Order,,3/1/21,3:01 PM,16.5,0,0,1.21,3.54,21.25,-3.3,-0.95,0,0,
O-982814725294147,Havenly Treats - Amity Rd,Adjustment of O-982814725294147,Multiple reasons: Refund due to item removed from order. Refund due to item removed from order,3/26/21,7:53 PM,-11.25,0,0,-0.82,0,-12.07,0,0,0,0,
O-923414764277588,Havenly Treats - Amity Rd,Prepaid Order,,3/30/21,1:32 PM,20,0,2.99,1.69,3.22,27.9,-4.6,-1.15,0,0,
O-230314474929883,Havenly Treats - Amity Rd,Prepaid Order,,3/1/21,1:37 PM,12.49,0,0,0.92,2.68,16.09,-2.5,-0.79,0,0,
O-263814538287229,Havenly Treats - Amity Rd,Prepaid Order,,3/6/21,8:32 PM,43.97,0,0,3.23,9.44,56.64,-8.79,-2.03,0,0,
O-529414763667979,Havenly Treats - Amity Rd,Prepaid Order,,3/30/21,2:51 PM,17.5,0,0,1.29,4.7,23.49,-3.5,-1.02,0,0,
O-353514547606894,Havenly Treats - Amity Rd,Prepaid Order,,3/8/21,5:37 PM,16,0,0,1.18,0,17.18,-3.2,-0.82,0,0,
O-108414648413864,Havenly Treats - Amity Rd,Prepaid Order,,3/18/21,5:11 PM,41.5,0,2.99,3.27,9.55,57.31,-8.9,-2.05,0,0,
O-056814598302950,Havenly Treats - Amity Rd,Prepaid Order,,3/13/21,7:06 PM,27.5,0,0,2.02,0.48,30,-5.5,-1.22,0,0,
O-379314728656728,Havenly Treats - Amity Rd,Prepaid Order,,3/26/21,3:38 PM,11,0,2.99,0.66,2.2,16.85,-2.8,-0.66,0,-5,
O-230314494901131,Havenly Treats - Amity Rd,Prepaid Order,,3/3/21,2:31 PM,19.25,0,0,1.05,4.7,25,-3.85,-0.91,0,-5,
O-207614730720570,Havenly Treats - Amity Rd,Prepaid Order,,3/27/21,6:20 PM,44.5,0,0,2.9,0,47.4,-8.9,-1.59,0,-5,
O-341514721352044,Havenly Treats - Amity Rd,Adjustment of O-341514721352044,Item not available - ,3/26/21,7:42 PM,-5.5,0,0,-0.4,0,-5.9,0,0,0,0,
O-642314565560304,Havenly Treats - Amity Rd,Prepaid Order,,3/10/21,3:53 PM,7.5,0,0,0.18,0,7.68,-1.5,-0.38,0,-5,
O-341514651351142,Havenly Treats - Amity Rd,Prepaid Order,,3/19/21,7:37 PM,25.5,0,0,1.87,4.11,31.48,-5.1,-1.26,0,0,
O-341514721352044,Havenly Treats - Amity Rd,Adjustment of O-341514721352044,Order Not Received,3/26/21,8:50 PM,-23.25,0,-9.99,-2.44,-7.72,-43.4,7.75,1.8,0,0,
O-724314788383423,Havenly Treats - Amity Rd,Prepaid Order,,4/1/21,8:13 PM,13.4,0,2.99,1.2,1,18.59,-3.28,-0.87,0,0,
O-230314494901131,Havenly Treats - Amity Rd,Adjustment of O-230314494901131,Refund due to item removed from order,3/3/21,2:31 PM,-3,0,0,-0.22,0,-3.22,0,0,0,0,
O-366614755085204,Havenly Treats - Amity Rd,Adjustment of O-366614755085204,Refund due to item removed from order,3/29/21,7:31 PM,-19.25,0,0,-1.41,0,-20.66,0,0,0,0,
O-380214571309436,Havenly Treats - Amity Rd,Prepaid Order,,3/11/21,4:30 PM,15.75,0,0,1.16,3.38,20.29,-3.15,-0.92,0,0,
O-849814544342372,Havenly Treats - Amity Rd,Prepaid Order,,3/8/21,7:17 PM,14.25,0,0,1.05,3.83,19.13,-2.85,-0.88,0,0,
O-472314626231644,Havenly Treats - Amity Rd,Prepaid Order,,3/16/21,6:20 PM,18,0,0,1.32,3.86,23.18,-3.6,-1.01,0,0,
O-230314494918984,Havenly Treats - Amity Rd,Prepaid Order,,3/3/21,7:21 PM,36.75,0,0,2.33,7.82,46.9,-7.35,-1.58,0,-5,
O-341514561394383,Havenly Treats - Amity Rd,Prepaid Order,,3/10/21,5:19 PM,16.25,0,0,1.19,3.49,20.93,-3.25,-0.94,0,0,
O-089814761858588,Havenly Treats - Amity Rd,Prepaid Order,,3/30/21,1:03 PM,19,0,0,1.4,2,22.4,-3.8,-0.98,0,0,
O-366614765082241,Havenly Treats - Amity Rd,Prepaid Order,,3/30/21,12:51 PM,13.75,0,0,1.01,2.21,16.97,-2.75,-0.82,0,0,
O-369314731364371,Havenly Treats - Amity Rd,Prepaid Order,,3/27/21,5:38 PM,33,0,0,2.43,3.54,38.97,-6.6,-1.49,0,0,
O-420714596467490,Havenly Treats - Amity Rd,Adjustment of O-420714596467490,Restaurant Closed,3/12/21,8:13 PM,-37.75,0,0,-2.77,-8.1,-48.62,7.55,1.78,0,0,
O-342814571993994,Havenly Treats - Amity Rd,Prepaid Order,,3/11/21,1:42 PM,12.99,0,0,0.95,2.09,16.03,-2.6,-0.79,0,0,
O-849814594337432,Havenly Treats - Amity Rd,Adjustment of O-849814594337432,Item not available - ,3/12/21,8:06 PM,-7.5,0,0,-0.56,0,-8.06,0,0,0,0,
O-108414648417415,Havenly Treats - Amity Rd,Adjustment of O-108414648417415,Item not available - ,3/18/21,4:33 PM,-1.5,0,0,-0.11,0,-1.61,0,0,0,0,
O-248214782134517,Havenly Treats - Amity Rd,Prepaid Order,,4/1/21,12:38 PM,8.5,0,0,0.62,2.74,11.86,-1.7,-0.66,0,0,
O-248214782189034,Havenly Treats - Amity Rd,Prepaid Order,,4/1/21,6:30 PM,20.5,0,0,1.51,0,22.01,-4.1,-0.97,0,0,
O-472314496235804,Havenly Treats - Amity Rd,Adjustment of O-472314496235804,Item not available - ,3/3/21,5:36 PM,-5.5,0,0,-0.41,0,-5.91,0,0,0,0,
O-341514651351142,Havenly Treats - Amity Rd,Adjustment of O-341514651351142,Item not available - ,3/19/21,7:37 PM,-8.5,0,0,-0.62,0,-9.12,0,0,0,0,
O-207614720726683,Havenly Treats - Amity Rd,Prepaid Order,,3/26/21,6:52 PM,19,0,0,1.4,4.6,25,-3.8,-1.06,0,0,
O-245014782044051,Havenly Treats - Amity Rd,Prepaid Order,,4/1/21,3:00 PM,16,0,2.99,1.4,4.08,24.47,-3.8,-1.05,0,0,
O-420714656481898,Havenly Treats - Amity Rd,Prepaid Order,,3/19/21,12:43 PM,10.5,0,0,0.77,2.25,13.52,-2.1,-0.71,0,0,
O-849814544342372,Havenly Treats - Amity Rd,Adjustment of O-849814544342372,Item not available - ,3/8/21,7:17 PM,-8,0,0,-0.59,0,-8.59,0,0,0,0,
O-341514561391642,Havenly Treats - Amity Rd,Prepaid Order,,3/10/21,3:55 PM,7,0,0,0.51,0.15,7.66,-1.4,-0.53,0,0,
O-396814558067465,Havenly Treats - Amity Rd,Prepaid Order,,3/9/21,12:30 PM,12.24,0,2.99,1.12,3.27,19.62,-3.05,-0.9,0,0,
O-353514587603160,Havenly Treats - Amity Rd,Prepaid Order,,3/12/21,7:00 PM,14.5,0,2.99,1.29,3.89,22.67,-3.5,-0.99,0,0,
O-263814728239844,Havenly Treats - Amity Rd,Adjustment of O-263814728239844,,3/26/21,8:22 PM,-5.5,0,0,-0.4,0,-5.9,0,0,0,0,
O-200714594155698,Havenly Treats - Amity Rd,Prepaid Order,,3/13/21,7:19 PM,8,0,0,0.59,1.41,10,-1.6,-0.61,0,0,
O-369314651303801,Havenly Treats - Amity Rd,Prepaid Order,,3/19/21,6:45 PM,5.5,0,0,0.4,1.5,7.4,-1.1,-0.53,0,0,
O-642314565529154,Havenly Treats - Amity Rd,Prepaid Order,,3/10/21,6:55 PM,28.48,0,0,2.09,7.64,38.21,-5.7,-1.47,0,0,
O-724314788307343,Havenly Treats - Amity Rd,Prepaid Order,,4/1/21,3:29 PM,22.5,0,0,1.29,5.95,29.74,-4.5,-1.05,0,-5,
O-982814575205764,Havenly Treats - Amity Rd,Prepaid Order,,3/11/21,6:38 PM,16.5,0,0,1.21,5,22.71,-3.3,-0.99,0,0,
O-420714516402290,Havenly Treats - Amity Rd,Prepaid Order,,3/5/21,6:24 PM,14.5,0,0,1.07,0,15.57,-2.9,-0.77,0,0,
O-342814651990592,Havenly Treats - Amity Rd,Prepaid Order,,3/19/21,3:00 PM,14,0,0,1.03,0,15.03,-2.8,-0.76,0,0,
O-982814735202148,Havenly Treats - Amity Rd,Prepaid Order,,3/27/21,5:46 PM,23,0,0,1.69,3.7,28.39,-4.6,-1.17,0,0,
O-849814594337432,Havenly Treats - Amity Rd,Prepaid Order,,3/12/21,7:32 PM,34.5,0,0,2.54,7.41,44.45,-6.9,-1.66,0,0,
O-989014555320832,Havenly Treats - Amity Rd,Prepaid Order,,3/9/21,6:41 PM,22.5,0,0,1.65,1.21,25.36,-4.5,-1.07,0,0,
O-982814635248763,Havenly Treats - Amity Rd,Prepaid Order,,3/17/21,5:48 PM,5.75,0,0,0.42,0,6.17,-1.15,-0.49,0,0,
O-978614632855440,Havenly Treats - Amity Rd,Adjustment of O-978614632855440,Item not available - ,3/17/21,7:42 PM,-5.5,0,0,-0.41,0,-5.91,0,0,0,0,
O-472314546201284,Havenly Treats - Amity Rd,Prepaid Order,,3/8/21,1:19 PM,19,0,0,1.4,4.08,24.48,-3.8,-1.05,0,0,
O-380214541301116,Havenly Treats - Amity Rd,Prepaid Order,,3/8/21,4:55 PM,10.5,0,0,0.77,1.69,12.96,-2.1,-0.7,0,0,
O-982814725294147,Havenly Treats - Amity Rd,Prepaid Order,,3/26/21,7:53 PM,32,0,0,2.35,5.15,39.5,-6.4,-1.5,0,0,
O-341514611377883,Havenly Treats - Amity Rd,Prepaid Order,,3/15/21,8:11 PM,2.75,0,0,0.2,2,4.95,-0.55,-0.45,0,0,
O-420714596467490,Havenly Treats - Amity Rd,Prepaid Order,,3/12/21,7:42 PM,37.75,0,0,2.77,8.1,48.62,-7.55,-1.78,0,0,
O-342814571993994,Havenly Treats - Amity Rd,Adjustment of O-342814571993994,MISSING_ITEM - Refund requested by diner via help interaction,3/11/21,1:46 PM,-3.5,0,0,-0.25,0,-3.75,0,0,0,0,
O-611814553374553,Havenly Treats - Amity Rd,Prepaid Order,,3/9/21,5:54 PM,28.25,0,0,2.08,4.55,34.88,-5.65,-1.36,0,0,
O-341514721352044,Havenly Treats - Amity Rd,Prepaid Order,,3/26/21,7:41 PM,28.75,0,9.99,2.84,7.72,49.3,-7.75,-1.8,0,0,
O-341514611392529,Havenly Treats - Amity Rd,Prepaid Order,,3/15/21,4:16 PM,9,0,0,0.66,1.45,11.11,-1.8,-0.64,0,0,
O-761014642869107,Havenly Treats - Amity Rd,Prepaid Order,,3/18/21,6:34 PM,40.5,0,9.99,3.71,8.13,62.33,-10.1,-2.2,0,0,
O-369314651362026,Havenly Treats - Amity Rd,Prepaid Order,,3/19/21,1:55 PM,15.5,0,0,1.14,3.33,19.97,-3.1,-0.91,0,0,
O-982814595200440,Havenly Treats - Amity Rd,Prepaid Order,,3/13/21,6:28 PM,8,0,0,0.59,1.41,10,-1.6,-0.61,0,0,
O-305614784487615,Havenly Treats - Amity Rd,Prepaid Order,,4/1/21,12:36 PM,16.25,0,0,0.83,2.92,20,-3.25,-0.76,0,-5,
O-379314658632806,Havenly Treats - Amity Rd,Prepaid Order,,3/19/21,6:33 PM,21.75,0,0,1.6,4,27.35,-4.35,-1.13,0,0,
O-263814618233870,Havenly Treats - Amity Rd,Prepaid Order,,3/15/21,5:45 PM,13.75,0,2.99,1.23,4.43,22.4,-3.35,-0.98,0,0,
O-472314496235804,Havenly Treats - Amity Rd,Prepaid Order,,3/3/21,5:36 PM,42.25,0,9.99,3.84,8.41,64.49,-10.45,-2.27,0,0,
O-989014555327738,Havenly Treats - Amity Rd,Prepaid Order,,3/9/21,6:16 PM,38.75,0,2.99,3.07,6.72,51.53,-8.35,-1.87,0,0,
T-AwAAGzmBzu0JEJDFEeu3w5uZsaxwBQ,Havenly Treats - Amity Rd,Account Adjustment,Adjustment due to tax exempt corporate client between 2021-03-22 and 2021-03-28,3/29/21,3:34 PM,0,0,0,0,0,-11.58,0,0,0,0,
O-472314486237210,Havenly Treats - Amity Rd,Prepaid Order,,3/2/21,7:30 PM,22.75,0,2.99,1.89,5.53,33.16,-5.15,-1.31,0,0,
O-369314511367314,Havenly Treats - Amity Rd,Prepaid Order,,3/5/21,2:07 PM,23.74,0,0,1.74,2,27.48,-4.75,-1.14,0,0,
O-248214782132929,Havenly Treats - Amity Rd,Prepaid Order,,4/1/21,12:59 PM,15,0,0,0.74,0,15.74,-3,-0.63,0,-5,
O-353514487607931,Havenly Treats - Amity Rd,Prepaid Order,,3/2/21,5:34 PM,20,0,0,1.1,3.9,25,-4,-0.91,0,-5,
O-380214591391234,Havenly Treats - Amity Rd,Prepaid Order,,3/13/21,7:08 PM,8.5,0,0,0.62,0,9.12,-1.7,-0.58,0,0,
O-263814728239844,Havenly Treats - Amity Rd,Prepaid Order,,3/26/21,5:24 PM,24,0,0,1.76,3.86,29.62,-4.8,-1.2,0,0,
O-108414638411022,Havenly Treats - Amity Rd,Prepaid Order,,3/17/21,6:00 PM,22.75,0,0,1.67,0,24.42,-4.55,-1.04,0,0,
O-065314913287904,Havenly Treats - Amity Rd,Prepaid Order,,4/14/21,2:09 PM,13.5,0,2.99,1.21,2.66,20.36,-3.3,-0.92,0,0,
O-248214782134517,Havenly Treats - Amity Rd,Prepaid Order,,4/1/21,12:38 PM,8.5,0,0,0.62,2.74,11.86,-1.7,-0.66,0,0,
O-558414970638704,Havenly Treats - Amity Rd,Prepaid Order,,4/20/21,7:24 PM,18.5,0,2.99,1.58,4.97,28.04,-4.3,-1.16,0,0,
O-550514918969574,Havenly Treats - Amity Rd,Prepaid Order,,4/14/21,1:00 PM,13.75,0,2.99,1.23,3.59,21.56,-3.35,-0.96,0,0,
O-248214782189034,Havenly Treats - Amity Rd,Prepaid Order,,4/1/21,6:30 PM,20.5,0,0,1.51,0,22.01,-4.1,-0.97,0,0,
O-245014782044051,Havenly Treats - Amity Rd,Prepaid Order,,4/1/21,3:00 PM,16,0,2.99,1.4,4.08,24.47,-3.8,-1.05,0,0,
T-AwEAAAAAABs5gb3gKHCbzBHrmti5fPX2gAo,Havenly Treats - Amity Rd,Account Adjustment,Adjustment due to tax exempt corporate client between 2021-04-05 and 2021-04-11,4/12/21,4:22 PM,0,0,0,0,0,-8.12,0,0,0,0,
O-921614974012525,Havenly Treats - Amity Rd,Adjustment of O-921614974012525,,4/20/21,6:54 PM,-5.5,0,0,-0.41,0,-5.91,0,0,0,0,
O-464914931780743,Havenly Treats - Amity Rd,Adjustment of O-464914931780743,Item not available - ,4/16/21,1:15 PM,-1.5,0,0,-0.11,0,-1.61,0,0,0,0,
O-323114933164895,Havenly Treats - Amity Rd,Prepaid Order,,4/16/21,6:15 PM,7.5,0,0,0.55,0,8.05,-1.5,-0.55,0,0,
O-921614974012525,Havenly Treats - Amity Rd,Prepaid Order,,4/20/21,6:22 PM,14.5,0,0,1.07,4.43,20,-2.9,-0.91,0,0,
O-724314868342244,Havenly Treats - Amity Rd,Prepaid Order,,4/9/21,6:55 PM,21.25,0,0,1.56,8,30.81,-4.25,-1.24,0,0,
O-408214862675237,Havenly Treats - Amity Rd,Prepaid Order,,4/9/21,12:15 PM,48,0,0,3.53,5.15,56.68,-9.6,-2.03,0,0,
O-923414864265942,Havenly Treats - Amity Rd,Prepaid Order,,4/9/21,6:15 PM,21,0,0,1.54,5.64,28.18,-4.2,-1.16,0,0,
O-423914904157755,Havenly Treats - Amity Rd,Prepaid Order,,4/13/21,7:05 PM,19.25,0,2.99,1.63,3.58,27.45,-4.45,-1.14,0,0,
O-679314998364581,Havenly Treats - Amity Rd,Prepaid Order,,4/22/21,12:56 PM,5.5,0,0,0.4,1.5,7.4,-1.1,-0.53,0,0,
O-136514978250284,Havenly Treats - Amity Rd,Prepaid Order,,4/20/21,6:45 PM,19,0,0,1.4,2.04,22.44,-3.8,-0.98,0,0,
O-323114943177208,Havenly Treats - Amity Rd,Prepaid Order,,4/17/21,8:00 PM,24.75,0,0,1.82,2.66,29.23,-4.95,-1.19,0,0,
O-923414804246195,Havenly Treats - Amity Rd,Prepaid Order,,4/3/21,7:15 PM,19.25,0,0,1.41,0,20.66,-3.85,-0.93,0,0,
O-531814875616479,Havenly Treats - Amity Rd,Prepaid Order,,4/10/21,2:17 PM,5.5,0,0,0.4,1.48,7.38,-1.1,-0.53,0,0,
O-248214782132929,Havenly Treats - Amity Rd,Adjustment of O-248214782132929,MISSING_ITEM - Refund requested by diner via help interaction,4/1/21,1:56 PM,-4,0,0,-0.3,0,-4.3,0,0,0,0,
T-AwEAAAAAABs5gVCmHECWRxHroUSlyvuvf5E,Havenly Treats - Amity Rd,Account Adjustment,Adjustment due to tax exempt corporate client between 2021-03-29 and 2021-04-04,4/5/21,3:44 PM,0,0,0,0,0,-5.71,0,0,0,0,
O-504114936864083,Havenly Treats - Amity Rd,Prepaid Order,,4/16/21,1:45 PM,27,0,0,1.98,5.8,34.78,-5.4,-1.36,0,0,
O-955614893931316,Havenly Treats - Amity Rd,Prepaid Order,,4/12/21,1:20 PM,16,0,0,1.18,2.58,19.76,-3.2,-0.9,0,0,
O-109914936031706,Havenly Treats - Amity Rd,Prepaid Order,,4/16/21,2:15 PM,17.25,0,2.99,1.49,4.35,26.08,-4.05,-1.1,0,0,
O-422214980296709,Havenly Treats - Amity Rd,Prepaid Order,,4/21/21,7:48 PM,8,0,2.99,0.81,3,14.8,-2.2,-0.75,0,0,
O-724314788307343,Havenly Treats - Amity Rd,Prepaid Order,,4/1/21,3:29 PM,22.5,0,0,1.29,5.95,29.74,-4.5,-1.05,0,-5,
O-296315001811965,Havenly Treats - Amity Rd,Prepaid Order,,4/23/21,8:07 PM,18.25,0,0,1.34,0,19.59,-3.65,-0.9,0,0,
O-685914909790649,Havenly Treats - Amity Rd,Prepaid Order,,4/13/21,5:41 PM,16.5,0,0,1.21,3.54,21.25,-3.3,-0.95,0,0,
O-136514988256320,Havenly Treats - Amity Rd,Prepaid Order,,4/21/21,4:59 PM,23.75,0,0,1.75,3.83,29.33,-4.75,-1.19,0,0,
O-159614839894465,Havenly Treats - Amity Rd,Prepaid Order,,4/6/21,12:15 PM,25.5,0,0,1.87,2.74,30.11,-5.1,-1.22,0,0,
O-828914947466408,Havenly Treats - Amity Rd,Prepaid Order,,4/17/21,5:48 PM,19.5,0,0,1.43,3.14,24.07,-3.9,-1.03,0,0,
O-917914901095578,Havenly Treats - Amity Rd,Prepaid Order,,4/13/21,8:29 PM,17,0,0,1.25,3.65,21.9,-3.4,-0.97,0,0,
O-117114975957747,Havenly Treats - Amity Rd,Adjustment of O-117114975957747,Refund due to Mahashi removed from order,4/20/21,7:36 PM,-9,0,0,-0.66,0,-9.66,0,0,0,0,
T-AwEAAAAAABs5gUaMurChRxHrmti5fPX2gAo,Havenly Treats - Amity Rd,Account Adjustment,Adjustment due to tax exempt corporate client between 2021-04-12 and 2021-04-18,4/19/21,3:41 PM,0,0,0,0,0,-14.91,0,0,0,0,
O-812214895486247,Havenly Treats - Amity Rd,Prepaid Order,,4/12/21,5:39 PM,16.25,0,2.99,1.41,4.13,24.78,-3.85,-1.06,0,0,
O-630414926831931,Havenly Treats - Amity Rd,Prepaid Order,,4/15/21,6:52 PM,14.25,0,2.99,1.27,2.78,21.29,-3.45,-0.95,0,0,
O-958415031393967,Havenly Treats - Amity Rd,Prepaid Order,,4/26/21,7:00 PM,22.75,0,0,1.67,0,24.42,-4.55,-1.04,0,0,
O-424115036183564,Havenly Treats - Amity Rd,Prepaid Order,,4/26/21,5:45 PM,18.25,0,0,1.34,3.92,23.51,-3.65,-1.02,0,0,
O-923414844272437,Havenly Treats - Amity Rd,Prepaid Order,,4/7/21,5:15 PM,24.75,0,0,1.45,0,26.2,-4.95,-0.95,0,-5,
O-125714834430838,Havenly Treats - Amity Rd,Prepaid Order,,4/6/21,4:44 PM,21.5,0,0,1.58,0,23.08,-4.3,-1,0,0,
O-865014845977254,Havenly Treats - Amity Rd,Prepaid Order,,4/7/21,1:08 PM,23.25,0,9.99,2.44,6.24,41.92,-6.65,-1.58,0,0,
O-117114975957747,Havenly Treats - Amity Rd,Prepaid Order,,4/20/21,6:45 PM,19,0,0,1.4,3.5,23.9,-3.8,-1.03,0,0,
O-724314788383423,Havenly Treats - Amity Rd,Prepaid Order,,4/1/21,8:13 PM,13.4,0,2.99,1.2,1,18.59,-3.28,-0.87,0,0,
O-513714936708085,Havenly Treats - Amity Rd,Adjustment of O-513714936708085,Item not available - ,4/15/21,8:37 PM,-5.5,0,0,-0.4,0,-5.9,0,0,0,0,
O-296314991888774,Havenly Treats - Amity Rd,Prepaid Order,,4/22/21,4:02 PM,13.75,0,2.99,1.23,2.03,20,-3.35,-0.91,0,0,
O-305614844477090,Havenly Treats - Amity Rd,Prepaid Order,,4/7/21,7:31 PM,26.75,0,0,1.97,2.87,31.59,-5.35,-1.26,0,0,
O-524614798394138,Havenly Treats - Amity Rd,Prepaid Order,,4/2/21,5:24 PM,16.5,0,0,0.85,0,17.35,-3.3,-0.68,0,-5,
O-513714936708085,Havenly Treats - Amity Rd,Prepaid Order,,4/15/21,8:37 PM,21.5,0,0,1.58,1.5,24.58,-4.3,-1.05,0,0,
O-630414926801297,Havenly Treats - Amity Rd,Prepaid Order,,4/15/21,6:45 PM,22.5,0,0,1.65,0.85,25,-4.5,-1.06,0,0,
O-531814805637606,Havenly Treats - Amity Rd,Prepaid Order,,4/3/21,7:01 PM,37.75,0,2.99,2.99,8.75,52.48,-8.15,-1.9,0,0,
O-726614927467169,Havenly Treats - Amity Rd,Prepaid Order,,4/15/21,8:14 PM,16.25,0,0,1.19,2,19.44,-3.25,-0.89,0,0,
O-603614974887413,Havenly Treats - Amity Rd,Prepaid Order,,4/20/21,7:07 PM,13.75,0,0,1.01,5.24,20,-2.75,-0.91,0,0,
O-531814845611148,Havenly Treats - Amity Rd,Prepaid Order,,4/7/21,5:49 PM,16.5,0,0,1.21,2.29,20,-3.3,-0.91,0,0,
O-531814835673484,Havenly Treats - Amity Rd,Prepaid Order,,4/6/21,2:22 PM,19.5,0,0,1.43,3.14,24.07,-3.9,-1.03,0,0,
O-305614784487615,Havenly Treats - Amity Rd,Prepaid Order,,4/1/21,12:36 PM,16.25,0,0,0.83,2.92,20,-3.25,-0.76,0,-5,
O-724314838345898,Havenly Treats - Amity Rd,Prepaid Order,,4/6/21,7:12 PM,24.75,0,0,1.82,3.99,30.56,-4.95,-1.23,0,0,
O-305614834480814,Havenly Treats - Amity Rd,Prepaid Order,,4/7/21,2:00 PM,33,0,0,2.43,5.31,40.74,-6.6,-1.54,0,0,
O-791714894747311,Havenly Treats - Amity Rd,Prepaid Order,,4/12/21,1:12 PM,13.25,0,0,0.97,5.77,19.99,-2.65,-0.91,0,0,
O-917914901095578,Havenly Treats - Amity Rd,Adjustment of O-917914901095578,Order Not Received,4/13/21,9:06 PM,-17,0,0,-1.25,-3.65,-21.9,3.4,0.97,0,0,
T-AwEAAAAAABs5gdFgNYCmyhHrl2HvhvqACEA,Havenly Treats - Amity Rd,Account Adjustment,Adjustment due to tax exempt corporate client between 2021-04-19 and 2021-04-25,4/26/21,4:05 PM,0,0,0,0,0,-7.14,0,0,0,0,
O-102415031461290,Havenly Treats - Amity Rd,Prepaid Order,,4/26/21,4:45 PM,18.74,0,2.99,1.6,4.67,28,-4.35,-1.15,0,0,
O-248214782132929,Havenly Treats - Amity Rd,Prepaid Order,,4/1/21,12:59 PM,15,0,0,0.74,0,15.74,-3,-0.63,0,-5,
O-865014845968263,Havenly Treats - Amity Rd,Prepaid Order,,4/7/21,6:03 PM,21.25,0,0,1.56,4.56,27.37,-4.25,-1.13,0,0,
O-865014845977254,Havenly Treats - Amity Rd,Adjustment of O-865014845977254,Refund due to item removed from order,4/7/21,2:41 PM,-16,0,0,-1.18,0,-17.18,0,0,0,0,
O-109914936032918,Havenly Treats - Amity Rd,Prepaid Order,,4/16/21,12:53 PM,20.5,0,0,1.51,0,22.01,-4.1,-0.97,0,0,
O-881414842015000,Havenly Treats - Amity Rd,Prepaid Order,,4/7/21,4:08 PM,7.5,0,0,0.55,1.2,9.25,-1.5,-0.58,0,0,
O-755114891055380,Havenly Treats - Amity Rd,Prepaid Order,,4/12/21,5:32 PM,15,0,0,1.1,3.9,20,-3,-0.91,0,0,
O-464914931780743,Havenly Treats - Amity Rd,Prepaid Order,,4/16/21,1:15 PM,28.75,0,0,2.11,4.63,35.49,-5.75,-1.38,0,0,
O-423914904157755,Havenly Treats - Amity Rd,Adjustment of O-423914904157755,"Refund due to order adjustment.
 Incorrect item.
1 Falafel Wrap
I ordered a falafel wrap and was given a different item with chicken in it.",4/13/21,7:39 PM,-13.5,0,-2.99,-1.21,-3.58,-21.28,0,0,0,0,
O-552914934374080,Havenly Treats - Amity Rd,Prepaid Order,,4/16/21,5:18 PM,3,0,0,0.22,0,3.22,-0.6,-0.4,0,0,
O-423914904157755,Havenly Treats - Amity Rd,Adjustment of O-423914904157755,Item not available - ,4/13/21,7:05 PM,-5.75,0,0,-0.42,0,-6.17,0,0,0,0,
O-441414983317974,Havenly Treats - Amity Rd,Prepaid Order,,4/21/21,2:58 PM,5.5,0,0,0.4,0.89,6.79,-1.1,-0.51,0,0,